-- Reference data
INSERT INTO plans (id, code, name, price, billing_cycle, active) VALUES
  (1, 'BASIC_MONTHLY', 'Basic Monthly', 9.99, 'MONTHLY', true),
  (2, 'PRO_MONTHLY', 'Pro Monthly', 29.99, 'MONTHLY', true),
  (3, 'ENTERPRISE_ANNUAL', 'Enterprise Annual', 999.00, 'ANNUAL', true);

INSERT INTO customers (id, full_name, email, billing_address, created_at) VALUES (10001, 'Customer 1', 'customer1@example.com', '1 Market St, Springfield', CURRENT_TIMESTAMP);
INSERT INTO subscriptions (id, customer_id, plan_id, status, start_date, next_billing_date, version) VALUES (20001, 10001, 2, 'ACTIVE', DATEADD('MONTH', -1, CURRENT_DATE), CURRENT_DATE, 0);
INSERT INTO customers (id, full_name, email, billing_address, created_at) VALUES (10002, 'Customer 2', 'customer2@example.com', '2 Market St, Springfield', CURRENT_TIMESTAMP);
INSERT INTO subscriptions (id, customer_id, plan_id, status, start_date, next_billing_date, version) VALUES (20002, 10002, 1, 'ACTIVE', DATEADD('MONTH', -1, CURRENT_DATE), CURRENT_DATE, 0);
INSERT INTO customers (id, full_name, email, billing_address, created_at) VALUES (10003, 'Customer 3', 'customer3@example.com', '3 Market St, Springfield', CURRENT_TIMESTAMP);
INSERT INTO subscriptions (id, customer_id, plan_id, status, start_date, next_billing_date, version) VALUES (20003, 10003, 2, 'ACTIVE', DATEADD('MONTH', -1, CURRENT_DATE), CURRENT_DATE, 0);
INSERT INTO customers (id, full_name, email, billing_address, created_at) VALUES (10004, 'Customer 4', 'customer4@example.com', '4 Market St, Springfield', CURRENT_TIMESTAMP);
INSERT INTO subscriptions (id, customer_id, plan_id, status, start_date, next_billing_date, version) VALUES (20004, 10004, 1, 'ACTIVE', DATEADD('MONTH', -1, CURRENT_DATE), CURRENT_DATE, 0);
INSERT INTO customers (id, full_name, email, billing_address, created_at) VALUES (10005, 'Customer 5', 'customer5@example.com', '5 Market St, Springfield', CURRENT_TIMESTAMP);
INSERT INTO subscriptions (id, customer_id, plan_id, status, start_date, next_billing_date, version) VALUES (20005, 10005, 2, 'ACTIVE', DATEADD('MONTH', -1, CURRENT_DATE), CURRENT_DATE, 0);
INSERT INTO customers (id, full_name, email, billing_address, created_at) VALUES (10006, 'Customer 6', 'customer6@example.com', '6 Market St, Springfield', CURRENT_TIMESTAMP);
INSERT INTO subscriptions (id, customer_id, plan_id, status, start_date, next_billing_date, version) VALUES (20006, 10006, 1, 'ACTIVE', DATEADD('MONTH', -1, CURRENT_DATE), CURRENT_DATE, 0);
INSERT INTO customers (id, full_name, email, billing_address, created_at) VALUES (10007, 'Customer 7', 'customer7@example.com', '7 Market St, Springfield', CURRENT_TIMESTAMP);
INSERT INTO subscriptions (id, customer_id, plan_id, status, start_date, next_billing_date, version) VALUES (20007, 10007, 2, 'ACTIVE', DATEADD('MONTH', -1, CURRENT_DATE), CURRENT_DATE, 0);
INSERT INTO customers (id, full_name, email, billing_address, created_at) VALUES (10008, 'Customer 8', 'customer8@example.com', '8 Market St, Springfield', CURRENT_TIMESTAMP);
INSERT INTO subscriptions (id, customer_id, plan_id, status, start_date, next_billing_date, version) VALUES (20008, 10008, 1, 'ACTIVE', DATEADD('MONTH', -1, CURRENT_DATE), CURRENT_DATE, 0);
INSERT INTO customers (id, full_name, email, billing_address, created_at) VALUES (10009, 'Customer 9', 'customer9@example.com', '9 Market St, Springfield', CURRENT_TIMESTAMP);
INSERT INTO subscriptions (id, customer_id, plan_id, status, start_date, next_billing_date, version) VALUES (20009, 10009, 2, 'ACTIVE', DATEADD('MONTH', -1, CURRENT_DATE), CURRENT_DATE, 0);
INSERT INTO customers (id, full_name, email, billing_address, created_at) VALUES (10010, 'Customer 10', 'customer10@example.com', '10 Market St, Springfield', CURRENT_TIMESTAMP);
INSERT INTO subscriptions (id, customer_id, plan_id, status, start_date, next_billing_date, version) VALUES (20010, 10010, 1, 'ACTIVE', DATEADD('MONTH', -1, CURRENT_DATE), CURRENT_DATE, 0);
INSERT INTO customers (id, full_name, email, billing_address, created_at) VALUES (10011, 'Customer 11', 'customer11@example.com', '11 Market St, Springfield', CURRENT_TIMESTAMP);
INSERT INTO subscriptions (id, customer_id, plan_id, status, start_date, next_billing_date, version) VALUES (20011, 10011, 2, 'ACTIVE', DATEADD('MONTH', -1, CURRENT_DATE), CURRENT_DATE, 0);
INSERT INTO customers (id, full_name, email, billing_address, created_at) VALUES (10012, 'Customer 12', 'customer12@example.com', '12 Market St, Springfield', CURRENT_TIMESTAMP);
INSERT INTO subscriptions (id, customer_id, plan_id, status, start_date, next_billing_date, version) VALUES (20012, 10012, 1, 'ACTIVE', DATEADD('MONTH', -1, CURRENT_DATE), CURRENT_DATE, 0);
INSERT INTO customers (id, full_name, email, billing_address, created_at) VALUES (10013, 'Customer 13', 'customer13@example.com', '13 Market St, Springfield', CURRENT_TIMESTAMP);
INSERT INTO subscriptions (id, customer_id, plan_id, status, start_date, next_billing_date, version) VALUES (20013, 10013, 2, 'ACTIVE', DATEADD('MONTH', -1, CURRENT_DATE), CURRENT_DATE, 0);
INSERT INTO customers (id, full_name, email, billing_address, created_at) VALUES (10014, 'Customer 14', 'customer14@example.com', '14 Market St, Springfield', CURRENT_TIMESTAMP);
INSERT INTO subscriptions (id, customer_id, plan_id, status, start_date, next_billing_date, version) VALUES (20014, 10014, 1, 'ACTIVE', DATEADD('MONTH', -1, CURRENT_DATE), CURRENT_DATE, 0);
INSERT INTO customers (id, full_name, email, billing_address, created_at) VALUES (10015, 'Customer 15', 'customer15@example.com', '15 Market St, Springfield', CURRENT_TIMESTAMP);
INSERT INTO subscriptions (id, customer_id, plan_id, status, start_date, next_billing_date, version) VALUES (20015, 10015, 2, 'ACTIVE', DATEADD('MONTH', -1, CURRENT_DATE), CURRENT_DATE, 0);
INSERT INTO customers (id, full_name, email, billing_address, created_at) VALUES (10016, 'Customer 16', 'customer16@example.com', '16 Market St, Springfield', CURRENT_TIMESTAMP);
INSERT INTO subscriptions (id, customer_id, plan_id, status, start_date, next_billing_date, version) VALUES (20016, 10016, 1, 'ACTIVE', DATEADD('MONTH', -1, CURRENT_DATE), CURRENT_DATE, 0);
INSERT INTO customers (id, full_name, email, billing_address, created_at) VALUES (10017, 'Customer 17', 'customer17@example.com', '17 Market St, Springfield', CURRENT_TIMESTAMP);
INSERT INTO subscriptions (id, customer_id, plan_id, status, start_date, next_billing_date, version) VALUES (20017, 10017, 2, 'ACTIVE', DATEADD('MONTH', -1, CURRENT_DATE), CURRENT_DATE, 0);
INSERT INTO customers (id, full_name, email, billing_address, created_at) VALUES (10018, 'Customer 18', 'customer18@example.com', '18 Market St, Springfield', CURRENT_TIMESTAMP);
INSERT INTO subscriptions (id, customer_id, plan_id, status, start_date, next_billing_date, version) VALUES (20018, 10018, 1, 'ACTIVE', DATEADD('MONTH', -1, CURRENT_DATE), CURRENT_DATE, 0);
INSERT INTO customers (id, full_name, email, billing_address, created_at) VALUES (10019, 'Customer 19', 'customer19@example.com', '19 Market St, Springfield', CURRENT_TIMESTAMP);
INSERT INTO subscriptions (id, customer_id, plan_id, status, start_date, next_billing_date, version) VALUES (20019, 10019, 2, 'ACTIVE', DATEADD('MONTH', -1, CURRENT_DATE), CURRENT_DATE, 0);
INSERT INTO customers (id, full_name, email, billing_address, created_at) VALUES (10020, 'Customer 20', 'customer20@example.com', '20 Market St, Springfield', CURRENT_TIMESTAMP);
INSERT INTO subscriptions (id, customer_id, plan_id, status, start_date, next_billing_date, version) VALUES (20020, 10020, 1, 'ACTIVE', DATEADD('MONTH', -1, CURRENT_DATE), CURRENT_DATE, 0);
INSERT INTO customers (id, full_name, email, billing_address, created_at) VALUES (10021, 'Customer 21', 'customer21@example.com', '21 Market St, Springfield', CURRENT_TIMESTAMP);
INSERT INTO subscriptions (id, customer_id, plan_id, status, start_date, next_billing_date, version) VALUES (20021, 10021, 2, 'ACTIVE', DATEADD('MONTH', -1, CURRENT_DATE), CURRENT_DATE, 0);
INSERT INTO customers (id, full_name, email, billing_address, created_at) VALUES (10022, 'Customer 22', 'customer22@example.com', '22 Market St, Springfield', CURRENT_TIMESTAMP);
INSERT INTO subscriptions (id, customer_id, plan_id, status, start_date, next_billing_date, version) VALUES (20022, 10022, 1, 'ACTIVE', DATEADD('MONTH', -1, CURRENT_DATE), CURRENT_DATE, 0);
INSERT INTO customers (id, full_name, email, billing_address, created_at) VALUES (10023, 'Customer 23', 'customer23@example.com', '23 Market St, Springfield', CURRENT_TIMESTAMP);
INSERT INTO subscriptions (id, customer_id, plan_id, status, start_date, next_billing_date, version) VALUES (20023, 10023, 2, 'ACTIVE', DATEADD('MONTH', -1, CURRENT_DATE), CURRENT_DATE, 0);
INSERT INTO customers (id, full_name, email, billing_address, created_at) VALUES (10024, 'Customer 24', 'customer24@example.com', '24 Market St, Springfield', CURRENT_TIMESTAMP);
INSERT INTO subscriptions (id, customer_id, plan_id, status, start_date, next_billing_date, version) VALUES (20024, 10024, 1, 'ACTIVE', DATEADD('MONTH', -1, CURRENT_DATE), CURRENT_DATE, 0);
INSERT INTO customers (id, full_name, email, billing_address, created_at) VALUES (10025, 'Customer 25', 'customer25@example.com', '25 Market St, Springfield', CURRENT_TIMESTAMP);
INSERT INTO subscriptions (id, customer_id, plan_id, status, start_date, next_billing_date, version) VALUES (20025, 10025, 2, 'ACTIVE', DATEADD('MONTH', -1, CURRENT_DATE), CURRENT_DATE, 0);
INSERT INTO customers (id, full_name, email, billing_address, created_at) VALUES (10026, 'Customer 26', 'customer26@example.com', '26 Market St, Springfield', CURRENT_TIMESTAMP);
INSERT INTO subscriptions (id, customer_id, plan_id, status, start_date, next_billing_date, version) VALUES (20026, 10026, 1, 'ACTIVE', DATEADD('MONTH', -1, CURRENT_DATE), CURRENT_DATE, 0);
INSERT INTO customers (id, full_name, email, billing_address, created_at) VALUES (10027, 'Customer 27', 'customer27@example.com', '27 Market St, Springfield', CURRENT_TIMESTAMP);
INSERT INTO subscriptions (id, customer_id, plan_id, status, start_date, next_billing_date, version) VALUES (20027, 10027, 2, 'ACTIVE', DATEADD('MONTH', -1, CURRENT_DATE), CURRENT_DATE, 0);
INSERT INTO customers (id, full_name, email, billing_address, created_at) VALUES (10028, 'Customer 28', 'customer28@example.com', '28 Market St, Springfield', CURRENT_TIMESTAMP);
INSERT INTO subscriptions (id, customer_id, plan_id, status, start_date, next_billing_date, version) VALUES (20028, 10028, 1, 'ACTIVE', DATEADD('MONTH', -1, CURRENT_DATE), CURRENT_DATE, 0);
INSERT INTO customers (id, full_name, email, billing_address, created_at) VALUES (10029, 'Customer 29', 'customer29@example.com', '29 Market St, Springfield', CURRENT_TIMESTAMP);
INSERT INTO subscriptions (id, customer_id, plan_id, status, start_date, next_billing_date, version) VALUES (20029, 10029, 2, 'ACTIVE', DATEADD('MONTH', -1, CURRENT_DATE), CURRENT_DATE, 0);
INSERT INTO customers (id, full_name, email, billing_address, created_at) VALUES (10030, 'Customer 30', 'customer30@example.com', '30 Market St, Springfield', CURRENT_TIMESTAMP);
INSERT INTO subscriptions (id, customer_id, plan_id, status, start_date, next_billing_date, version) VALUES (20030, 10030, 1, 'ACTIVE', DATEADD('MONTH', -1, CURRENT_DATE), CURRENT_DATE, 0);
INSERT INTO customers (id, full_name, email, billing_address, created_at) VALUES (10031, 'Customer 31', 'customer31@example.com', '31 Market St, Springfield', CURRENT_TIMESTAMP);
INSERT INTO subscriptions (id, customer_id, plan_id, status, start_date, next_billing_date, version) VALUES (20031, 10031, 2, 'ACTIVE', DATEADD('MONTH', -1, CURRENT_DATE), CURRENT_DATE, 0);
INSERT INTO customers (id, full_name, email, billing_address, created_at) VALUES (10032, 'Customer 32', 'customer32@example.com', '32 Market St, Springfield', CURRENT_TIMESTAMP);
INSERT INTO subscriptions (id, customer_id, plan_id, status, start_date, next_billing_date, version) VALUES (20032, 10032, 1, 'ACTIVE', DATEADD('MONTH', -1, CURRENT_DATE), CURRENT_DATE, 0);
INSERT INTO customers (id, full_name, email, billing_address, created_at) VALUES (10033, 'Customer 33', 'customer33@example.com', '33 Market St, Springfield', CURRENT_TIMESTAMP);
INSERT INTO subscriptions (id, customer_id, plan_id, status, start_date, next_billing_date, version) VALUES (20033, 10033, 2, 'ACTIVE', DATEADD('MONTH', -1, CURRENT_DATE), CURRENT_DATE, 0);
INSERT INTO customers (id, full_name, email, billing_address, created_at) VALUES (10034, 'Customer 34', 'customer34@example.com', '34 Market St, Springfield', CURRENT_TIMESTAMP);
INSERT INTO subscriptions (id, customer_id, plan_id, status, start_date, next_billing_date, version) VALUES (20034, 10034, 1, 'ACTIVE', DATEADD('MONTH', -1, CURRENT_DATE), CURRENT_DATE, 0);
INSERT INTO customers (id, full_name, email, billing_address, created_at) VALUES (10035, 'Customer 35', 'customer35@example.com', '35 Market St, Springfield', CURRENT_TIMESTAMP);
INSERT INTO subscriptions (id, customer_id, plan_id, status, start_date, next_billing_date, version) VALUES (20035, 10035, 2, 'ACTIVE', DATEADD('MONTH', -1, CURRENT_DATE), CURRENT_DATE, 0);
INSERT INTO customers (id, full_name, email, billing_address, created_at) VALUES (10036, 'Customer 36', 'customer36@example.com', '36 Market St, Springfield', CURRENT_TIMESTAMP);
INSERT INTO subscriptions (id, customer_id, plan_id, status, start_date, next_billing_date, version) VALUES (20036, 10036, 1, 'ACTIVE', DATEADD('MONTH', -1, CURRENT_DATE), CURRENT_DATE, 0);
INSERT INTO customers (id, full_name, email, billing_address, created_at) VALUES (10037, 'Customer 37', 'customer37@example.com', '37 Market St, Springfield', CURRENT_TIMESTAMP);
INSERT INTO subscriptions (id, customer_id, plan_id, status, start_date, next_billing_date, version) VALUES (20037, 10037, 2, 'ACTIVE', DATEADD('MONTH', -1, CURRENT_DATE), CURRENT_DATE, 0);
INSERT INTO customers (id, full_name, email, billing_address, created_at) VALUES (10038, 'Customer 38', 'customer38@example.com', '38 Market St, Springfield', CURRENT_TIMESTAMP);
INSERT INTO subscriptions (id, customer_id, plan_id, status, start_date, next_billing_date, version) VALUES (20038, 10038, 1, 'ACTIVE', DATEADD('MONTH', -1, CURRENT_DATE), CURRENT_DATE, 0);
INSERT INTO customers (id, full_name, email, billing_address, created_at) VALUES (10039, 'Customer 39', 'customer39@example.com', '39 Market St, Springfield', CURRENT_TIMESTAMP);
INSERT INTO subscriptions (id, customer_id, plan_id, status, start_date, next_billing_date, version) VALUES (20039, 10039, 2, 'ACTIVE', DATEADD('MONTH', -1, CURRENT_DATE), CURRENT_DATE, 0);
INSERT INTO customers (id, full_name, email, billing_address, created_at) VALUES (10040, 'Customer 40', 'customer40@example.com', '40 Market St, Springfield', CURRENT_TIMESTAMP);
INSERT INTO subscriptions (id, customer_id, plan_id, status, start_date, next_billing_date, version) VALUES (20040, 10040, 1, 'ACTIVE', DATEADD('MONTH', -1, CURRENT_DATE), CURRENT_DATE, 0);
